name,radeg,dedeg,h,m,s
rf0547,10.71075,-0.81525443,0.0,42.0,50.58000000000064
rs0472,171.74200000000005,2.3330017999999995,11.0,26.0,58.08000000001684
rs1038,201.14852,1.5768742,13.0,24.0,35.644800000008416
rs1105,203.76899,3.6607434,13.0,35.0,4.557600000012485
rs1375,208.1536,0.022461654,13.0,52.0,36.86400000001299
