name,radeg,dedeg,h,m,s
rf0001,0.013432752,-1.1128886,0.0,0.0,3.223860480000001
rs0081,142.94449,1.0568086,9.0,31.0,46.6776000000047
rs1038,201.14852,1.5768742,13.0,24.0,35.644800000008416
rs1105,203.76899,3.6607434,13.0,35.0,4.557600000012485
rs1172,205.14099,4.8202809,13.0,40.0,33.837600000008194
