resname,mw1,mw2,mw3,emw1,emw2,emw3
rs0633,14.314,15.01,16.766,0.013999999999999999,0.022000000000000002,0.266
rs1493,18.726,18.854,17.500999999999998,0.11900000000000001,0.209,0.47600000000000003
rs0012,15.625,16.372,15.571,0.022000000000000002,0.044000000000000004,0.083
rs1420,18.38,18.51,16.947,0.061,0.131,0.273
rs1518,17.1,17.374000000000002,16.967,0.025,0.05,0.282
rs0620,16.851,17.53,17.194000000000003,0.022000000000000002,0.062,0.341
rs0675,14.599,15.245999999999999,17.087,0.011000000000000001,0.019,0.45
rs0558,17.774,18.257,16.651,0.049,0.135,0.243
rs1514,17.983,19.018,17.717,0.04,0.23,0.499
rs0035,17.332,17.814,16.836,0.036000000000000004,0.08800000000000001,0.29100000000000004
rs0023,16.983,17.582,16.154,0.017,0.073,0.11599999999999999
